university,abbreviation,department_name,course_title,unit_count,professor,objective,prerequisite,required_skills,outcome,references,scores,description,projects,university_homepage,course_homepage,professor_homepage
Alberta University,UAlberta, Modern Lang & Cultural Studies,				SPAN 321 - Foundational Fictions of Spanish America, 3,,, SPAN 300 or 306 or consent of Department. ,,,,, Readings from selected texts to continue language acquisition and to introduce students to aspects of Spanish American literature and culture. ,,https://www.ualberta.ca/index.html,https://calendar.ualberta.ca/preview_course_nopop.php?catoid=36&coid=403150,
Alberta University,UAlberta, Modern Lang & Cultural Studies,				SPAN 323 - Latin American Literature and the Environment, 3,,, SPAN 300 or 306 or consent of Department. ,,,,, The study of the relationship of Latin American writing and writers to the environment with a focus on the landscape and current ecological concerns. ,,https://www.ualberta.ca/index.html,https://calendar.ualberta.ca/preview_course_nopop.php?catoid=36&coid=403151,
Alberta University,UAlberta, Modern Lang & Cultural Studies,				SPAN 325 - Introduction to Cinema, 3,,, SPAN 300 or 306 or consent of Department. ,,,,, Some of the major works of film of Spain and/or Spanish America. ,,https://www.ualberta.ca/index.html,https://calendar.ualberta.ca/preview_course_nopop.php?catoid=36&coid=403152,
Alberta University,UAlberta, Modern Lang & Cultural Studies,				SPAN 326 - Hispanic Children’s Literature, 3,,, SPAN 300 or 306 or consent of Department. ,,,,, Key works of children’s literature in Spain and Latin America. ,,https://www.ualberta.ca/index.html,https://calendar.ualberta.ca/preview_course_nopop.php?catoid=36&coid=403153,
Alberta University,UAlberta, Modern Lang & Cultural Studies,				SPAN 332 - The Culture of Food, 3,,, SPAN 300 or 306 or consent of Department. ,,,,," Through an examination of texts about food (cookbooks, novels, films, music, journalism, etc.) students will gain an understanding of how food serves as a locus for concerns about nationalism, ethnicity, gender, and politics in Latin America. ",,https://www.ualberta.ca/index.html,https://calendar.ualberta.ca/preview_course_nopop.php?catoid=36&coid=403154,
Alberta University,UAlberta, Modern Lang & Cultural Studies,				SPAN 333 - Reading Popular Culture, 3,,, SPAN 300 or 306 or consent of Department. ,,,,," The course will look at questions of nation, class, race and gender in Hispanic popular cultural production. ",,https://www.ualberta.ca/index.html,https://calendar.ualberta.ca/preview_course_nopop.php?catoid=36&coid=403155,
Alberta University,UAlberta, Modern Lang & Cultural Studies,				SPAN 335 - The Spanish Caribbean, 3,,, SPAN 300 or 306 or consent of Department. ,,,,," Literature and culture in Cuba, Puerto Rico and the Dominican Republic. ",,https://www.ualberta.ca/index.html,https://calendar.ualberta.ca/preview_course_nopop.php?catoid=36&coid=403156,
Alberta University,UAlberta, Modern Lang & Cultural Studies,				SPAN 341 - The ‘Roaring Twenties’ in Transatlantic Perspective, 3,,, SPAN 300 or 306 or consent of Department. ,,,,, Cultural production of Spanish America and Spain in the 1920’s. ,,https://www.ualberta.ca/index.html,https://calendar.ualberta.ca/preview_course_nopop.php?catoid=36&coid=403157,
Alberta University,UAlberta, Modern Lang & Cultural Studies,				SPAN 370 - The Sounds of Spanish, 3,,, SPAN 300 or 306 or consent of Department. ,,,,," Sound system of Spanish: phonetics, phonology, evolution of the language. Special attention to the pronunciation differences from English. ",,https://www.ualberta.ca/index.html,https://calendar.ualberta.ca/preview_course_nopop.php?catoid=36&coid=403159,
Alberta University,UAlberta, Modern Lang & Cultural Studies,				SPAN 373 - Spanish as a World Language, 3,,, SPAN 300 or 306 or consent of Department. Note: Not open to students with credit in SPAN 372. May be taken in place of SPAN 372 for program requirements. ,,,,, Focus on the evolution of Spanish from Latin and its spread around the world. Examines the different varieties of Spanish as well as practices and attitudes regarding the use of Spanish in different regions. ,,https://www.ualberta.ca/index.html,https://calendar.ualberta.ca/preview_course_nopop.php?catoid=36&coid=403829,
Alberta University,UAlberta, Modern Lang & Cultural Studies,				SPAN 378 - Teaching Spanish as a Second Language, 3,,, SPAN 300 or 306 or consent of Department. Note: Not open to students with credit in SPAN 478. May be taken in place of SPAN 478 for program requirements. ,,,,," Approaches to language teaching, Spanish grammar pedagogy, and specific issues in teaching Spanish structures and skills. ",,https://www.ualberta.ca/index.html,https://calendar.ualberta.ca/preview_course_nopop.php?catoid=36&coid=404472,
Alberta University,UAlberta, Modern Lang & Cultural Studies,				SPAN 398 - Special Topics in Language/Linguistics, 3,,, SPAN 300 or 306 or consent of Department. ,,,,, ,,https://www.ualberta.ca/index.html,https://calendar.ualberta.ca/preview_course_nopop.php?catoid=36&coid=404470,
Alberta University,UAlberta, Modern Lang & Cultural Studies,				SPAN 399 - Special Topics in Literature/Culture, 3,,, SPAN 300 or 306 or consent of Department. ,,,,, ,,https://www.ualberta.ca/index.html,https://calendar.ualberta.ca/preview_course_nopop.php?catoid=36&coid=403160,
Alberta University,UAlberta, Modern Lang & Cultural Studies,				SPAN 405 - Exercises in Translation: Spanish into English, 3,,," *3 in SPAN at the 300 level excluding 300 and 306, or consent of the Department. Note: This course can also be applied to the MLCS Certificate in Translation Studies. ",,,,, ,,https://www.ualberta.ca/index.html,https://calendar.ualberta.ca/preview_course_nopop.php?catoid=36&coid=403161,
Alberta University,UAlberta, Modern Lang & Cultural Studies,				SPAN 406 - Exercises in Translation: English into Spanish, 3,,," *3 in SPAN at the 300 level excluding 300 and 306, or consent of the Department. Note: This course can also be applied to the MLCS Certificate in Translation Studies. ",,,,, ,,https://www.ualberta.ca/index.html,https://calendar.ualberta.ca/preview_course_nopop.php?catoid=36&coid=403162,
Alberta University,UAlberta, Modern Lang & Cultural Studies,				SPAN 407 - Advanced Grammar and Composition, 3,,," *3 in SPAN at the 300 level excluding 300 and 306, or consent of the Department. Note: This course can also be applied  to the MLCS Certificate in Translation Studies. ",,,,," Focus on meanings expressed by different grammatical structures in Spanish, with reference to translation differences with English. Practice of different styles of writing. ",,https://www.ualberta.ca/index.html,https://calendar.ualberta.ca/preview_course_nopop.php?catoid=36&coid=403163,
Alberta University,UAlberta, Modern Lang & Cultural Studies,				SPAN 425 - Hispanic Filmmakers, 3,,, SPAN 320 or consent of the Department. ,,,,, Study of one to three different Hispanic filmmakers. ,,https://www.ualberta.ca/index.html,https://calendar.ualberta.ca/preview_course_nopop.php?catoid=36&coid=403164,
Alberta University,UAlberta, Modern Lang & Cultural Studies,				SPAN 426 - Creative Non-Fiction Workshop in Spanish, 3,,," *3 in SPAN at the 300-level excluding 300 and 306, or consent of Department. ",,,,," A writing workshop in Spanish. Students will gain exposure to evolving issues, standards, and research methodologies in professional writing. Genres may include literary journalism, memoir, travel writing, and personal essay. ",,https://www.ualberta.ca/index.html,https://calendar.ualberta.ca/preview_course_nopop.php?catoid=36&coid=403611,
Alberta University,UAlberta, Modern Lang & Cultural Studies,				SPAN 428 - Spanish Literary Masterpieces, 3,,, SPAN 320 or consent of the Department. ,,,,, An in-depth study of the most influential works of Span. ,,https://www.ualberta.ca/index.html,https://calendar.ualberta.ca/preview_course_nopop.php?catoid=36&coid=403165,
Alberta University,UAlberta, Modern Lang & Cultural Studies,				SPAN 441 - Reading Colonial Culture, 3,,, SPAN 320 or consent of the Department. ,,,,," Colonial Identities, power and ideology, mobilized through various forms of representation. ",,https://www.ualberta.ca/index.html,https://calendar.ualberta.ca/preview_course_nopop.php?catoid=36&coid=403167,
Alberta University,UAlberta, Modern Lang & Cultural Studies,				SPAN 460 - Self Portraits in Writing, 3,,, SPAN 320 or consent of Department. ,,,,," Testimonial writing, biography, and autobiography, memories, correspondence, diaries, interviews and confessions. ",,https://www.ualberta.ca/index.html,https://calendar.ualberta.ca/preview_course_nopop.php?catoid=36&coid=403170,
Alberta University,UAlberta, Modern Lang & Cultural Studies,				SPAN 475 - Spanish in Society, 3,,," *3 in SPAN at the 300-level excluding 300 and 306, or consent of Department. ",,,,," Language as a social phenomenon. Description of dialects in Spanish. Language shift, bilingualism, language attrition, code-switching and language attitudes. ",,https://www.ualberta.ca/index.html,https://calendar.ualberta.ca/preview_course_nopop.php?catoid=36&coid=403171,
Alberta University,UAlberta, Modern Lang & Cultural Studies,				SPAN 476 - The Acquisition of Spanish, 3,,," *3 in SPAN at the 300-level excluding 300 and 306, or consent of Department. ",,,,," Issues relating to the acquisition of Spanish as a second language, education, and language policies, and language pedagogy in the literature and in practice. ",,https://www.ualberta.ca/index.html,https://calendar.ualberta.ca/preview_course_nopop.php?catoid=36&coid=403172,
Alberta University,UAlberta, Modern Lang & Cultural Studies,				SPAN 495 - Honors Thesis, 3,,,,,,,,,,https://www.ualberta.ca/index.html,https://calendar.ualberta.ca/preview_course_nopop.php?catoid=36&coid=403173,
Alberta University,UAlberta, Modern Lang & Cultural Studies,				SPAN 498 - Special Topics in Language/Linguistics, 3,,, *3 in SPAN at the 300 level excluding 300 and 306 or consent of Department ,,,,, ,,https://www.ualberta.ca/index.html,https://calendar.ualberta.ca/preview_course_nopop.php?catoid=36&coid=404471,
Alberta University,UAlberta, Modern Lang & Cultural Studies,				SPAN 499 - Special Topics in Literature/Culture, 3,,, SPAN 320 or consent of Department ,,,,, ,,https://www.ualberta.ca/index.html,https://calendar.ualberta.ca/preview_course_nopop.php?catoid=36&coid=403174,
Alberta University,UAlberta, Modern Lang & Cultural Studies,				SPAN 505 - Exercises in Translation: Spanish to English, 3,,, consent of Department. ,,,,, ,,https://www.ualberta.ca/index.html,https://calendar.ualberta.ca/preview_course_nopop.php?catoid=36&coid=403175,
Alberta University,UAlberta, Modern Lang & Cultural Studies,				SPAN 506 - Exercises in Translation: English to Spanish, 3,,, consent of Department. ,,,,, ,,https://www.ualberta.ca/index.html,https://calendar.ualberta.ca/preview_course_nopop.php?catoid=36&coid=403176,
Alberta University,UAlberta, Modern Lang & Cultural Studies,				SPAN 525 - Hispanic Filmmakers, 3,,, consent of Department. ,,,,, ,,https://www.ualberta.ca/index.html,https://calendar.ualberta.ca/preview_course_nopop.php?catoid=36&coid=403178,
Alberta University,UAlberta, Modern Lang & Cultural Studies,				SPAN 526 - Creative Non-Fiction Workshop in Spanish, 3,,," *3 in SPAN at the 300-level excluding 300 and 306, or consent of Department. ",,,,," A writing workshop in Spanish. Students will gain exposure to evolving issues, standards, and research methodologies in professional writing. Genres may include literary journalism, memoir, travel writing, and personal essay. ",,https://www.ualberta.ca/index.html,https://calendar.ualberta.ca/preview_course_nopop.php?catoid=36&coid=403612,
Alberta University,UAlberta, Modern Lang & Cultural Studies,				SPAN 528 - Spanish Literary Masterpieces, 3,,, consent of Department. ,,,,, ,,https://www.ualberta.ca/index.html,https://calendar.ualberta.ca/preview_course_nopop.php?catoid=36&coid=403179,
Alberta University,UAlberta, Modern Lang & Cultural Studies,				SPAN 541 - Reading Colonial Culture, 3,,, consent of Department. ,,,,, ,,https://www.ualberta.ca/index.html,https://calendar.ualberta.ca/preview_course_nopop.php?catoid=36&coid=403182,
Alberta University,UAlberta, Modern Lang & Cultural Studies,				SPAN 575 - Spanish in Society, 3,,, consent of Department. ,,,,, ,,https://www.ualberta.ca/index.html,https://calendar.ualberta.ca/preview_course_nopop.php?catoid=36&coid=403188,
Alberta University,UAlberta, Modern Lang & Cultural Studies,				SPAN 599 - Directed Reading, 3,,, consent of Department. ,,,,, ,,https://www.ualberta.ca/index.html,https://calendar.ualberta.ca/preview_course_nopop.php?catoid=36&coid=403190,
Alberta University,UAlberta, Modern Lang & Cultural Studies,				SPAN 699 - Topics in Spanish Literature and Culture, 3,,, consent of Department. ,,,,, ,,https://www.ualberta.ca/index.html,https://calendar.ualberta.ca/preview_course_nopop.php?catoid=36&coid=403193,
Alberta University,UAlberta, Mathematical & Statistical Sci,				STAT 151 - Introduction to Applied Statistics I, 3,,," Mathematics 30-1 or 30-2. Note : This course may not be taken for credit if credit has been obtained in any STAT course, or in KIN 109, PEDS 109, PSYCH 211, SCI 151 or SOC 210.",,,,," Data collection and presentation, descriptive statistics. Probability distributions, sampling distributions and the central limit theorem. Point estimation and hypothesis testing. Correlation and regression analysis. Goodness of fit and contingency table. ",,https://www.ualberta.ca/index.html,https://calendar.ualberta.ca/preview_course_nopop.php?catoid=36&coid=403195,
Alberta University,UAlberta, Mathematical & Statistical Sci,				STAT 161 - Introductory Statistics for Business and Economics, 3,,," Mathematics 30-1 or 30-2. This course may not be taken for credit if credit has been obtained in any STAT course, or in KIN 109, PEDS 109, PSYCH  211, PTHER 352, SCI 151 or SOC 210.",,,,," Data collection and presentation, descriptive statistics. Probability distributions, sampling distributions and the central limit theorem. Point estimation and hypothesis testing. Correlation and regression analysis. Goodness of fit and contingency table. Use of a microcomputer software package for statistical analyses in business and economics. ",,https://www.ualberta.ca/index.html,https://calendar.ualberta.ca/preview_course_nopop.php?catoid=36&coid=405257,
Alberta University,UAlberta, Mathematical & Statistical Sci,				STAT 235 - Introductory Statistics for Engineering, 3.8,,," MATH 100. Corequisite: MATH 101. Credit may not be obtained in STAT 235 if credit has already been obtained in STAT 141, 151, 222, 265, 266; PSYCO 211, SCI 151 or SOC 210. Intended for Engineering students. Other students who take this course will receive *3.0.",,,,," Descriptive data analysis. Calculus of Probability. Binomial, multinomial, Poisson, normal, beta, exponential, gamma, hypergeometric, and Weibull distributions. Sampling distributions. Estimation, testing hypotheses, goodness-of-fit tests, and one-way analysis of variance. Linear correlation and regression. Sampling. Quality control. Use of a microcomputer software package for statistical analyses in engineering applications. ",,https://www.ualberta.ca/index.html,https://calendar.ualberta.ca/preview_course_nopop.php?catoid=36&coid=403196,
Alberta University,UAlberta, Mathematical & Statistical Sci,				STAT 235 - Introductory Statistics for Engineering, 3.8,,," MATH 100. Corequisite: MATH 101. Notes: (1) This course may not be taken for credit if credit has already been obtained in one of STAT 141, 151, 222, 265, 266; PSYCH 211, SCI 151 or SOC 210. (2) Intended for Engineering students. Other students who take this course will receive *3.0.",,,,," Descriptive data analysis. Calculus of Probability. Binomial, multinomial, Poisson, normal, beta, exponential, gamma, hypergeometric, and Weibull distributions. Sampling distributions. Estimation, testing hypotheses, goodness-of-fit tests, and one-way analysis of variance. Linear correlation and regression. Sampling. Quality control. Use of a microcomputer software package for statistical analyses in engineering applications. ",,https://www.ualberta.ca/index.html,https://calendar.ualberta.ca/preview_course_nopop.php?catoid=36&coid=451338,
Alberta University,UAlberta, Mathematical & Statistical Sci,				STAT 252 - Introduction to Applied Statistics II, 3,,," One of STAT 141, 151, 161, 235 or SCI 151. Notes: (1) Credit can be obtained in at most one of STAT 252, 319, 337 or 341, or AREC 313. (2) This course may not be taken for credit if credit has already been obtained in STAT 368 or 378.",,,,," Methods in applied statistics including regression techniques, analysis of variance and covariance, and methods of data analysis. Applications are taken from Biological, Physical and Social Sciences, and Business. ",,https://www.ualberta.ca/index.html,https://calendar.ualberta.ca/preview_course_nopop.php?catoid=36&coid=403197,
Alberta University,UAlberta, Mathematical & Statistical Sci,				STAT 265 - Statistics I, 3,,,"space,",,,,,Sample,,https://www.ualberta.ca/index.html,https://calendar.ualberta.ca/preview_course_nopop.php?catoid=36&coid=403198,
Alberta University,UAlberta, Mathematical & Statistical Sci,				STAT 266 - Statistics II, 3,,," STAT 265. Corequisites: One of MATH 225 or 227, and one of MATH 215 or 317.",,,,," Functions of random variables, sampling distributions, Central Limit Theorem, law of large numbers, statistical models for the data, likelihood, parameters and their interpretation, objectives of statistical inference, point and interval estimation, method of moments, basic notions of testing of hypotheses, errors of the first and second kind, significance level, power, pvalue. ",,https://www.ualberta.ca/index.html,https://calendar.ualberta.ca/preview_course_nopop.php?catoid=36&coid=403199,
Alberta University,UAlberta, Mathematical & Statistical Sci,				STAT 337 - Biostatistics, 3,,," STAT 151, STAT 161, or SCI 151 and a 200-level Biological Science course. Notes : (1) Credit can be obtained in at most one of STAT 252, STAT 337, and AREC 313. (2) This course may not be taken for credit if credit has already been obtained in STAT 368 or 378.",,,,," Methods of data analysis useful in Biostatistics including analysis of variance and covariance and nested designs, multiple regression, logistic regression and log-linear models. The concepts will be motivated by problems in the life sciences. Applications to real data will be emphasized through the use of a computer package. ",,https://www.ualberta.ca/index.html,https://calendar.ualberta.ca/preview_course_nopop.php?catoid=36&coid=403202,
Alberta University,UAlberta, Mathematical & Statistical Sci,				STAT 353 - Life Contingencies I, 3,,, MATH 253 and STAT 265. Corequisite: MATH 215 or 317.,,,,," Time at death random variables, continuous and discrete insurances, endowments and varying annuities, net premiums and reserves. ",,https://www.ualberta.ca/index.html,https://calendar.ualberta.ca/preview_course_nopop.php?catoid=36&coid=403203,
Alberta University,UAlberta, Mathematical & Statistical Sci,				STAT 361 - Sampling Techniques, 3,,," STAT 266, or STAT 235 with consent of the Department. Note: This course may only be offered in alternate years.",,,,," Simple random sampling from finite populations, stratified sampling, regression estimators, cluster sampling. ",,https://www.ualberta.ca/index.html,https://calendar.ualberta.ca/preview_course_nopop.php?catoid=36&coid=403206,
Alberta University,UAlberta, Mathematical & Statistical Sci,				STAT 368 - Introduction to Design and Analysis of Experiments, 3,,," STAT 266, or STAT 235 with consent of the Department.",,,,," Basic principles of experimental design, completely randomized design-one way ANOVA and ANCOVA, randomized block design, Latin square design, Multiple comparisons. Nested designs. Factorial experiments. ",,https://www.ualberta.ca/index.html,https://calendar.ualberta.ca/preview_course_nopop.php?catoid=36&coid=403207,
Alberta University,UAlberta, Mathematical & Statistical Sci,				STAT 371 - Probability and Stochastic Processes, 3,,, STAT 265.,,,,," Problem solving of classical probability questions, random walk, gambler’s ruin, Markov chains, branching processes. Selected topics of the instructor’s choice. ",,https://www.ualberta.ca/index.html,https://calendar.ualberta.ca/preview_course_nopop.php?catoid=36&coid=403208,
Alberta University,UAlberta, Mathematical & Statistical Sci,				STAT 372 - Mathematical Statistics, 3,,, STAT 266.,,,,," Laws of large numbers, weak convergence, some asymptotic results, delta method, maximum likelihood estimation, testing, UMP tests, LR tests, nonparametric methods (sign test, rank test), robustness, statistics and their sensitivity properties, prior and posterior distributions, Bayesian inference, conjugate priors, Bayes estimators. ",,https://www.ualberta.ca/index.html,https://calendar.ualberta.ca/preview_course_nopop.php?catoid=36&coid=403209,
Alberta University,UAlberta, Mathematical & Statistical Sci,				STAT 378 - Applied Regression Analysis, 3,,," STAT 266, or STAT 235 with consent of the Department.",,,,," Simple linear regression analysis, inference on regression parameters, residual analysis, prediction intervals, weighted least squares. Multiple regression analysis, inference about regression parameters, multicollinearity and its effects, indicator variables, selection of independent variables. Non-linear regression. ",,https://www.ualberta.ca/index.html,https://calendar.ualberta.ca/preview_course_nopop.php?catoid=36&coid=403210,
Alberta University,UAlberta, Mathematical & Statistical Sci,				STAT 413 - Introduction to Computing for Data Science, 3,,, STAT 265 or consent of the instructor.,,,,," Survey of contemporary languages/environments suitable for algorithms of Statistics and Data Science. Introduction to Monte Carlo methods, random number generation and numerical integration in statistical context and optimization for both smooth and constrained alternatives, tailored to specific applications in statistics and machine learning. ",,https://www.ualberta.ca/index.html,https://calendar.ualberta.ca/preview_course_nopop.php?catoid=36&coid=404928,
Alberta University,UAlberta, Mathematical & Statistical Sci,				STAT 432 - Survival Analysis, 3,,, STAT 372 and 378.,,,,," Survival models, model estimation from complete and incomplete data samples, parametric survival models with concomitant variables, estimation of life tables from general population data. ",,https://www.ualberta.ca/index.html,https://calendar.ualberta.ca/preview_course_nopop.php?catoid=36&coid=403211,
Alberta University,UAlberta, Mathematical & Statistical Sci,				STAT 437 - Applied Statistical Methods, 3,,, STAT 252 or 337 or consent of the instructor.,,,,," Methods of data analysis useful in applied research, including repeated measures and longitudinal data analysis, non-linear regression, survival analysis, multivariate techniques. Applications to real data will be emphasized, including case studies and real data applications. Each researcher works on a project to present, highlighting the methods used in the project. ",,https://www.ualberta.ca/index.html,https://calendar.ualberta.ca/preview_course_nopop.php?catoid=36&coid=405258,
Alberta University,UAlberta, Mathematical & Statistical Sci,				STAT 441 - Statistical Methods for Learning and Data Mining, 3,,, STAT 378.,,,,," Review of linear and nonlinear regression and brief introduction to generalized linear models, the course covers selected methods of dimension reduction (principal components, factor analysis, canonical correlations), of unsupervised (clustering, multidimensional scaling ordination) and supervised classification (discriminant analysis, logistic regression, nearest neighbours - including, among others, the machine learning methods like classification trees, neural networks, and support vector machines). ",,https://www.ualberta.ca/index.html,https://calendar.ualberta.ca/preview_course_nopop.php?catoid=36&coid=403212,
Alberta University,UAlberta, Mathematical & Statistical Sci,				STAT 453 - Risk Theory, 3,,, STAT 371.,,,,," Classical ruin theory, individual risk models, collective risk models, models for loss severity: parametric models, tail behavior, models for loss frequency, mixed Poisson models; compound Poisson models, convolutions and recursive methods, probability and moment generating functions. ",,https://www.ualberta.ca/index.html,https://calendar.ualberta.ca/preview_course_nopop.php?catoid=36&coid=403213,
Alberta University,UAlberta, Mathematical & Statistical Sci,				STAT 471 - Probability I, 3,,, STAT 371.,,,,," Probability spaces, algebra of events. Elements of combinatorial analysis. Conditional probability, stochastic independence. Special discrete and continuous distributions. Random variables, moments, transformations. Basic limit theorems. ",,https://www.ualberta.ca/index.html,https://calendar.ualberta.ca/preview_course_nopop.php?catoid=36&coid=403215,
Alberta University,UAlberta, Mathematical & Statistical Sci,				STAT 479 - Time Series Analysis, 3,,, STAT 372 and 378. Note: This course may only be offered in alternate years.,,,,," Stationary series, spectral analysis, models in time series: autoregressive, moving average, ARMA and ARIMA. Smoothing series, computational techniques and computer packages for time series. ",,https://www.ualberta.ca/index.html,https://calendar.ualberta.ca/preview_course_nopop.php?catoid=36&coid=403217,
Alberta University,UAlberta, Mathematical & Statistical Sci,				STAT 497 - Reading in Statistics, 3,,, Any 300-level STAT course.,,,,," This course is designed to give credit to mature and able students for reading in areas not covered by courses, under the supervision of a staff member. A student, or group of students, wishing to use this course should find a staff member willing to supervise the proposed reading program. A detailed description of the material to be covered should be submitted to the Chair of the Department Honors Committee. (This should include a description of testing methods to be used.) The program will require the approval of both the Honors Committee, and the Chair of the Department. The students’ mastery of the material of the course will be tested by a written or oral examination. This course may be taken in Fall or Winter and may be taken any number of times, subject always to the approval mentioned above. ",,https://www.ualberta.ca/index.html,https://calendar.ualberta.ca/preview_course_nopop.php?catoid=36&coid=405259,
Alberta University,UAlberta, Mathematical & Statistical Sci,				STAT 499 - Research Project, 3,,, a 300-level STAT course and consent of the course coordinator.,,,,, This course provides students in Specialization and Honors programs an opportunity to pursue research in statistics under the direction of a member of the Department. Course requirements include at least one oral presentation and a written final report. Students interested in taking this course should contact the course coordinator two months in advance. Credit for this course may be obtained more than once. ,,https://www.ualberta.ca/index.html,https://calendar.ualberta.ca/preview_course_nopop.php?catoid=36&coid=403218,
Alberta University,UAlberta, Mathematical & Statistical Sci,				STAT 501 - Directed Study I, 3,,, STAT 252 or 337 or equivalent and a course in linear algebra. Note: Cannot be used for credit towards a graduate program in Statistics.,,,,," Basic principles of experimental design, completely randomized design-one way ANOVA and ANCOVA. Randomized block design. Latin square design, Multiple comparisons. Nested designs. Factorial experiments. Each student will give a written report and seminar presentation highlighting statistical methods used in a research project. ",,https://www.ualberta.ca/index.html,https://calendar.ualberta.ca/preview_course_nopop.php?catoid=36&coid=403219,
Alberta University,UAlberta, Mathematical & Statistical Sci,				STAT 502 - Directed Study II, 3,,, STAT 337 or equivalent and a course in linear algebra. Note: Cannot be used for credit towards a graduate program in Statistics.,,,,," Simple linear regression analysis, inference on regression parameters, residual analysis, prediction intervals, weighted least squares. Multiple regression analysis, inference about regression parameters, multicollinearity and its effects, indicator variables, selection of independent variables. Non-linear regression. Each student will give a written report and seminar presentation highlighting statistical methods used in a research project. ",,https://www.ualberta.ca/index.html,https://calendar.ualberta.ca/preview_course_nopop.php?catoid=36&coid=403220,
Alberta University,UAlberta, Mathematical & Statistical Sci,				STAT 503 - Directed Study III, 3,,, STAT 372 and 378 or consent of Instructor.,,,,," Theory and applications of time series modelling, stationarity, autocorrelation. Spectral properties, filtering. Box-Jenkins models, seasonality. Each student will give a written report and seminar presentation highlighting statistical methods used in a research project. ",,https://www.ualberta.ca/index.html,https://calendar.ualberta.ca/preview_course_nopop.php?catoid=36&coid=403221,
Alberta University,UAlberta, Mathematical & Statistical Sci,				STAT 504 - Directed Study IV, 3,,, A course in Statistical Inference at the 300 level or permission from the instructor. Note: Cannot be used for credit towards a graduate program in Statistics.,,,,," Basic sampling schemes for finite populations: simple random sampling, stratified random sampling, systematic sampling and cluster sampling. Unequal probability sampling. Ratio and regression estimators. ",,https://www.ualberta.ca/index.html,https://calendar.ualberta.ca/preview_course_nopop.php?catoid=36&coid=403222,
Alberta University,UAlberta, Mathematical & Statistical Sci,				STAT 505 - Directed Study V, 3,,," STAT 501, 502 or equivalent. Note: Cannot be used for credit towards a thesis-based graduate program in Statistics.",,,,," Principles of statistical model building and analysis applied in linear and generalized linear models and illustrated through multivariate methods such as repeated measures, principal components, and supervised and unsupervised classification. Each student will give a written report and seminar presentation highlighting statistical methods used in a research project. ",,https://www.ualberta.ca/index.html,https://calendar.ualberta.ca/preview_course_nopop.php?catoid=36&coid=403223,
Alberta University,UAlberta, Mathematical & Statistical Sci,				STAT 512 - Techniques of Mathematics for Statistics, 3,,, consent of Department.,,,,," Introduction to mathematical techniques commonly used in theoretical Statistics, with applications. Applications of diagonalization results for real symmetric matrices, and of continuity, differentiation, Riemann-Stieltjes integration and multivariable calculus to the theory of Statistics including least squares estimation, generating functions, distribution theory. ",,https://www.ualberta.ca/index.html,https://calendar.ualberta.ca/preview_course_nopop.php?catoid=36&coid=403224,
Alberta University,UAlberta, Mathematical & Statistical Sci,				STAT 513 - Statistical Computing, 3,,, consent of the instructor.,,,,," Introduction to contemporary computational culture: reproducible coding, literate programming. Monte Carlo methods: random number generation, variance reduction, numerical integration, statistical simulations. Optimization (linear search, gradient descent, Newton-Raphson, method of scoring, and their specifics in the statistical context), EM algorithm. Fundamentals of convex optimization with constraints. ",,https://www.ualberta.ca/index.html,https://calendar.ualberta.ca/preview_course_nopop.php?catoid=36&coid=404927,
Alberta University,UAlberta, Mathematical & Statistical Sci,				STAT 532 - Survival Analysis, 3,,, STAT 372 or consent of Department.,,,,," Survival and hazard functions, censoring, truncation. Non-parametric, parametric and semi-parametric approaches to survival analysis including Kaplan-Meier estimation and Cox’s proportional hazards model. ",,https://www.ualberta.ca/index.html,https://calendar.ualberta.ca/preview_course_nopop.php?catoid=36&coid=403225,
Alberta University,UAlberta, Mathematical & Statistical Sci,				STAT 537 - Statistical Methods for Applied Research II, 3,,, STAT 437 equivalent or consent of the instructor. Cannot be used for credit towards a graduate program in Statistics.,,,,," Review of basic statistical concepts of inference and probability theory. Includes applied methods of Linear and non-linear regression and analysis of variance for designed experiments, multiple comparisons, correlations, modeling and variable selection, multicolinearity, predictions, confounding and Simpson’s paradox. Includes case studies and real data applications. Each researcher works on a project to present, highlighting the methods used in the project. ",,https://www.ualberta.ca/index.html,https://calendar.ualberta.ca/preview_course_nopop.php?catoid=36&coid=405254,
Alberta University,UAlberta, Mathematical & Statistical Sci,				STAT 541 - Statistics for Learning, 3,,, Consent of the instructor.,,,,," The course focuses on statistical learning techniques, in particular those of supervised classification, both from statistical (logistic regression, discriminant analysis, nearest neighbours, and others) and “machine learning” background (tree-based methods, neural networks, support vector machines), with the emphasis on decision-theoretic underpinnings and other statistical aspects, flexible model building (regularization with penalties), and algorithmic solutions. Selected methods of unsupervised classification (clustering) and some related regression methods are covered as well. ",,https://www.ualberta.ca/index.html,https://calendar.ualberta.ca/preview_course_nopop.php?catoid=36&coid=405255,
Alberta University,UAlberta, Mathematical & Statistical Sci,				STAT 553 - Risk Theory, 3,,, STAT 371 or equivalent. Note: Cannot be used for credit towards a thesis-based graduate program in the Department of Mathematical and Statistical Sciences.,,,,," Classical ruin theory, individual risk models, collective risk models, models for loss severity: parametric models, tail behavior, models for loss frequency, mixed Poisson models; compound Poisson models, convolutions and recursive methods, probability and moment generating functions. ",,https://www.ualberta.ca/index.html,https://calendar.ualberta.ca/preview_course_nopop.php?catoid=36&coid=403226,
Alberta University,UAlberta, Mathematical & Statistical Sci,				STAT 561 - Sample Survey Methodology, 3,,," STAT 361, 372, 471.",,,,," Review of basic sampling schemes: simple random sampling, and stratified random sampling, and systematic sampling. Multistage sampling schemes. Estimation of nonlinear parameters: ratios, regression coefficients, and correlation coefficients. Variance estimation techniques: linearization, BRR, jackknife, and bootstrap. Selected topics: model-based estimation, regression analysis from complex survey data. Relevant computer packages. ",,https://www.ualberta.ca/index.html,https://calendar.ualberta.ca/preview_course_nopop.php?catoid=36&coid=403228,
Alberta University,UAlberta, Mathematical & Statistical Sci,				STAT 562 - Discrete Data Analysis, 3,,, STAT 372 or 471.,,,,," Sampling models and methods of inference for discrete data. Maximum likelihood estimation for complete contingency tables, measures of association and agreement. Goodness-of-fit. Incomplete tables. Analysis of square tables; symmetry and marginal homogeneity. Model selection and closeness of fit; practical aspects. Chi-square tests for categorical data from complex surveys. ",,https://www.ualberta.ca/index.html,https://calendar.ualberta.ca/preview_course_nopop.php?catoid=36&coid=403229,
Alberta University,UAlberta, Mathematical & Statistical Sci,				STAT 566 - Methods of Statistical Inference, 3,,, STAT 471 or consent of Department.,,,,," An introduction to the theory of statistical inference. Topics to include exponential families and general linear models, likelihood, sufficiency, ancillarity, interval and point estimation, asymptotic approximations. Optional topics as time allows, may include Bayesian methods, Robustness, resampling techniques. This course is intended primarily for MSc students. ",,https://www.ualberta.ca/index.html,https://calendar.ualberta.ca/preview_course_nopop.php?catoid=36&coid=403230,
Alberta University,UAlberta, Mathematical & Statistical Sci,				STAT 568 - Design and Analysis of Experiments, 3,,, STAT 368 and a 400-level STAT course.,,,,," The general linear model. Fully randomized designs, one-way layout, multiple comparisons. Block designs, Latin squares. Factorial designs confounding, fractions. Nested designs, randomization restrictions. Response surface methodology. Analysis of covariance. ",,https://www.ualberta.ca/index.html,https://calendar.ualberta.ca/preview_course_nopop.php?catoid=36&coid=403231,
Alberta University,UAlberta, Mathematical & Statistical Sci,				STAT 571 - Probability and Measure, 3,,, STAT 471 and STAT 512 or their equivalents.,,,,," Measure and integration, Laws of Large Numbers, convergence of probability measures. Conditional expectation as time permits. ",,https://www.ualberta.ca/index.html,https://calendar.ualberta.ca/preview_course_nopop.php?catoid=36&coid=403232,
Alberta University,UAlberta, Mathematical & Statistical Sci,				STAT 575 - Multivariate Analysis, 3,,, STAT 372 and STAT 512.,,,,," The multivariate normal distribution, multivariate regression and analysis of variance, classification, canonical correlation, principal components, factor analysis. ",,https://www.ualberta.ca/index.html,https://calendar.ualberta.ca/preview_course_nopop.php?catoid=36&coid=403233,
Alberta University,UAlberta, Mathematical & Statistical Sci,				STAT 578 - Regression Analysis, 3,,, STAT 378 and a 400-level statistics course.,,,,," Multiple linear regression, ordinary and generalized least squares, partial and multiple correlation. Regression diagnostics, collinearity, model building. Nonlinear regression. Selected topics: robust and nonparametric regression, measurement error models. ",,https://www.ualberta.ca/index.html,https://calendar.ualberta.ca/preview_course_nopop.php?catoid=36&coid=403234,
Alberta University,UAlberta, Mathematical & Statistical Sci,				STAT 580 - Stochastic Processes, 3,,, STAT 471 or consent of Instructor.,,,,, Elements of stochastic processes. Discrete and continuous time Markov Chains; Birth and Death processes. Branching processes. Brownian Motion. General Stationary and Markov processes. Examples. ,,https://www.ualberta.ca/index.html,https://calendar.ualberta.ca/preview_course_nopop.php?catoid=36&coid=403235,
Alberta University,UAlberta, Mathematical & Statistical Sci,				STAT 590 - Statistical Consulting, 3,,,"analysis,",,,,,Data,,https://www.ualberta.ca/index.html,https://calendar.ualberta.ca/preview_course_nopop.php?catoid=36&coid=403236,
Alberta University,UAlberta, Mathematical & Statistical Sci,				STAT 600 - Reading in Statistics, 3,,,will,,,,,Students,,https://www.ualberta.ca/index.html,https://calendar.ualberta.ca/preview_course_nopop.php?catoid=36&coid=403237,
Alberta University,UAlberta, Mathematical & Statistical Sci,				STAT 637 - Statistical Methods for Applied Research III, 3,,, STAT 537 or equivalent or consent of the instructor. Cannot be used for credit towards a graduate program in Statistics.,,,,," Advanced statistical design and methods. Topics include sampling, multivariate techniques, survival analysis, power and sample size, linear and non linear regression, longitudinal and repeated measures data, and analysis of seasonal or time series data. Topics to be covered can be influenced by the registered researchers. Includes critical review and case studies with real data applications. Each researcher works on a project to present, highlighting the methods used in the project. ",,https://www.ualberta.ca/index.html,https://calendar.ualberta.ca/preview_course_nopop.php?catoid=36&coid=405256,
Alberta University,UAlberta, Mathematical & Statistical Sci,				STAT 664 - Advanced Statistical Inference, 3,,, STAT 512 and 566.,,,,," Modern methods of statistical inference. Various versions of likelihood:  conditional, marginal, integrated, profile, partial, empirical. Estimating equations. Semi-parametric models. Foundational issues. ",,https://www.ualberta.ca/index.html,https://calendar.ualberta.ca/preview_course_nopop.php?catoid=36&coid=403238,
Alberta University,UAlberta, Mathematical & Statistical Sci,				STAT 665 - Asymptotic Methods in Statistical Inference, 3,,,  STAT 566 or 664 and 512 or the equivalent.,,,,," Approximation techniques and asymptotic methods in statistics. Topics may include second and higher order expansions, asymptotics of likelihood based estimation and testing. Edgeworth expansions, exponential tilting, asymptotic relative efficiency, U-, M-, L-, and R-estimation. ",,https://www.ualberta.ca/index.html,https://calendar.ualberta.ca/preview_course_nopop.php?catoid=36&coid=403239,
Alberta University,UAlberta, Mathematical & Statistical Sci,				STAT 900 - Directed Research Project, 6,,,only,,,,,Open,,https://www.ualberta.ca/index.html,https://calendar.ualberta.ca/preview_course_nopop.php?catoid=36&coid=403242,
Alberta University,UAlberta, Mathematical & Statistical Sci,				STAT 901 - Practicum in Statistics I, 1.5,,,only,,,,,Open,,https://www.ualberta.ca/index.html,https://calendar.ualberta.ca/preview_course_nopop.php?catoid=36&coid=403243,
Alberta University,UAlberta, Mathematical & Statistical Sci,				STAT 902 - Practicum in Statistics II, 1.5,,,only,,,,,Open,,https://www.ualberta.ca/index.html,https://calendar.ualberta.ca/preview_course_nopop.php?catoid=36&coid=403244,
Alberta University,UAlberta, Saint-Jean,				STATQ 151 - Introduction à la statistique appliquée I, 3,,,de,,,,,Collecte,,https://www.ualberta.ca/index.html,https://calendar.ualberta.ca/preview_course_nopop.php?catoid=36&coid=403245,
Alberta University,UAlberta, Surgery,				SURG 546 - General Surgery, 6,,,internship,,,,,Student,,https://www.ualberta.ca/index.html,https://calendar.ualberta.ca/preview_course_nopop.php?catoid=36&coid=403328,
Alberta University,UAlberta, Surgery,				SURG 556 - Specialty Surgery, 4,,,internship,,,,,Student,,https://www.ualberta.ca/index.html,https://calendar.ualberta.ca/preview_course_nopop.php?catoid=36&coid=403329,
Alberta University,UAlberta, Surgery,				SURG 530 - Directed Reading in Biology and Medicine, 3,,,and,,,,,Reading,,https://www.ualberta.ca/index.html,https://calendar.ualberta.ca/preview_course_nopop.php?catoid=36&coid=403330,
Alberta University,UAlberta, Surgery,				SURG 555 - Microvascular Surgery, 3,,, consent of Department.,,,,," The course reviews the fundamentals of microvascular surgery, and then allows supervised instruction in techniques including dissection, vascular anastomosis, mobilization of free flaps of vascularized tissue, transplantation and vein grafts. This course is intended for individuals with an extensive background in the theory and practice of surgery such as Surgery Residents and experienced researchers in the field. ",,https://www.ualberta.ca/index.html,https://calendar.ualberta.ca/preview_course_nopop.php?catoid=36&coid=403331,
Alberta University,UAlberta, Surgery,				SURG 570 - From Basic to Clinical Immunology, 3,,, consent of the Department.,,,,," This course will begin with the fundamentals of basic immunology to provide the basis for understanding subsequent clinical immunology lectures. Invited basic science and clinical professionals will also give a lecture on the application of immunology in clinical fields such as transplantation, immunodeficiency, and cancer, followed by a full class discussion. Topics will include: innate and acquired immunity, autoimmunity, transplantation immunology, immunodeficiency, hypersensitivity, tumor immunology, immunochemistry and vaccines. Common and new techniques used in Basic and Clinical Immunology research will also be covered. Intended for students with an advanced medical background. ",,https://www.ualberta.ca/index.html,https://calendar.ualberta.ca/preview_course_nopop.php?catoid=36&coid=403332,
Alberta University,UAlberta, Surgery,				SURG 600 - Research Seminar, 2,,,weekly,,,,,A,,https://www.ualberta.ca/index.html,https://calendar.ualberta.ca/preview_course_nopop.php?catoid=36&coid=403333,
Alberta University,UAlberta, Modern Lang & Cultural Studies,				SWED 111 - Beginners’ Swedish I, 3,,,for,,,,,Intended,,https://www.ualberta.ca/index.html,https://calendar.ualberta.ca/preview_course_nopop.php?catoid=36&coid=403334,
Alberta University,UAlberta, Modern Lang & Cultural Studies,				SWED 112 - Beginners’ Swedish II, 3,,," SWED 111 or consent of Department. Note: not to be taken by students with native or near native proficiency, or with Swedish 30 or its equivalents in Canada and other countries. ",,,,, ,,https://www.ualberta.ca/index.html,https://calendar.ualberta.ca/preview_course_nopop.php?catoid=36&coid=403335,
Alberta University,UAlberta, Modern Lang & Cultural Studies,				SWED 211 - Intermediate Swedish I, 3,,, Swedish 30 (or equivalent) or SWED 112 or consent of Department. ,,,,, Intended to expand comprehension and production skills in written and oral Swedish with a focus on intercultural competence. ,,https://www.ualberta.ca/index.html,https://calendar.ualberta.ca/preview_course_nopop.php?catoid=36&coid=403336,
Alberta University,UAlberta, Modern Lang & Cultural Studies,				SWED 212 - Intermediate Swedish II, 3,,, SWED 211 or consent of Department. ,,,,, ,,https://www.ualberta.ca/index.html,https://calendar.ualberta.ca/preview_course_nopop.php?catoid=36&coid=403337,
Alberta University,UAlberta, Drama,				T DES 170 - Stagecraft, 3,,,techniques,,,,,Production,,https://www.ualberta.ca/index.html,https://calendar.ualberta.ca/preview_course_nopop.php?catoid=36&coid=403338,
Alberta University,UAlberta, Drama,				T DES 172 - Technical Drawing for Theatre Design, 3,,,in,,,,,Studies,,https://www.ualberta.ca/index.html,https://calendar.ualberta.ca/preview_course_nopop.php?catoid=36&coid=403340,
Alberta University,UAlberta, Drama,				T DES 173 - Studio Techniques for Theatre Design, 3,,, consent of Department.,,,,, Study and practice of the studio techniques employed in theatre design. Normally restricted to BFA in Drama (Production) students. ,,https://www.ualberta.ca/index.html,https://calendar.ualberta.ca/preview_course_nopop.php?catoid=36&coid=404965,
Alberta University,UAlberta, Drama,				T DES 270 - Theatre Design I, 6,,,and,,,,,Study,,https://www.ualberta.ca/index.html,https://calendar.ualberta.ca/preview_course_nopop.php?catoid=36&coid=403341,
